causal,kernel,grex,num,0
0.6,b_uniform,0.1,5000,0.81
0.6,b_uniform,0.2,5000,0.885
0.5,b_uniform,0.3,5000,0.955
0.5,b_uniform,0.4,5000,0.835
0.5,b_uniform,0.5,5000,0.8
0.4,b_uniform,0.6,5000,0.835
0.4,b_uniform,0.7,5000,0.825
0.4,b_uniform,0.8,5000,0.855
0.4,b_uniform,0.9,5000,0.825
0.4,b_uniform,1,5000,0.815
0.3,b_uniform,1.2,5000,0.865
0.3,b_uniform,1.4,5000,0.815
0.2,b_uniform,1.6,5000,0.925
0.2,b_uniform,1.8,5000,0.99
0.2,b_uniform,2,5000,1
0.2,b_uniform,2.2,5000,0.835
0.2,b_uniform,2.4,5000,0.875
0.2,b_uniform,2.6,5000,0.865
0.2,b_uniform,2.8,5000,0.87
0.2,b_uniform,3,5000,0.85
0.2,b_uniform,3.25,5000,0.81
0.2,b_uniform,3.5,5000,0.845
0.2,b_uniform,3.75,5000,0.815
0.2,b_uniform,4,5000,0.875
0.2,b_uniform,4.5,5000,1
0.2,b_uniform,5,5000,1
0.7,b_uniform,0.1,4000,0.81
0.7,b_uniform,0.2,4000,0.885
0.6,b_uniform,0.3,4000,0.955
0.7,b_uniform,0.4,4000,0.835
0.6,b_uniform,0.5,4000,0.8
0.5,b_uniform,0.6,4000,0.835
0.5,b_uniform,0.7,4000,0.825
0.5,b_uniform,0.8,4000,0.855
0.4,b_uniform,0.9,4000,0.825
0.4,b_uniform,1,4000,0.815
0.4,b_uniform,1.2,4000,0.865
0.4,b_uniform,1.4,4000,0.815
0.3,b_uniform,1.6,4000,0.925
0.3,b_uniform,1.8,4000,0.99
0.3,b_uniform,2,4000,1
0.3,b_uniform,2.2,4000,0.835
0.2,b_uniform,2.4,4000,0.875
0.2,b_uniform,2.6,4000,0.865
0.2,b_uniform,2.8,4000,0.87
0.2,b_uniform,3,4000,0.85
0.2,b_uniform,3.25,4000,0.81
0.2,b_uniform,3.5,4000,0.845
0.2,b_uniform,3.75,4000,0.815
0.2,b_uniform,4,4000,0.875
0.2,b_uniform,4.5,4000,1
0.2,b_uniform,5,4000,1
0.9,b_uniform,0.1,3000,0.81
0.8,b_uniform,0.2,3000,0.81
0.8,b_uniform,0.3,3000,0.81
0.7,b_uniform,0.4,3000,0.885
0.7,b_uniform,0.5,3000,0.955
0.7,b_uniform,0.6,3000,0.835
0.7,b_uniform,0.7,3000,0.8
0.6,b_uniform,0.8,3000,0.835
0.6,b_uniform,0.9,3000,0.825
0.5,b_uniform,1,3000,0.855
0.6,b_uniform,1.2,3000,0.825
0.5,b_uniform,1.4,3000,0.815
0.5,b_uniform,1.6,3000,0.865
0.5,b_uniform,1.8,3000,0.815
0.4,b_uniform,2,3000,0.925
0.4,b_uniform,2.2,3000,0.99
0.4,b_uniform,2.4,3000,1
0.4,b_uniform,2.6,3000,0.835
0.3,b_uniform,2.8,3000,0.875
0.3,b_uniform,3,3000,0.865
0.2,b_uniform,3.25,3000,0.87
0.2,b_uniform,3.5,3000,0.85
0.2,b_uniform,3.75,3000,0.81
0.2,b_uniform,4,3000,0.845
0.2,b_uniform,4.5,3000,0.815
0.2,b_uniform,5,3000,0.875
1,b_uniform,1.8,2000,1
1,b_uniform,1.8,2000,1
1,b_uniform,2.2,2000,1
0.9,b_uniform,2.4,2000,1
0.8,b_uniform,2.4,2000,1
0.7,b_uniform,2.6,2000,0.81
0.6,b_uniform,2.8,2000,0.885
0.6,b_uniform,3,2000,0.955
0.5,b_uniform,3.25,2000,0.835
0.3,b_uniform,3.5,2000,0.8
0.3,b_uniform,3.75,2000,0.835
0.2,b_uniform,4,2000,0.825
0.2,b_uniform,4.5,2000,0.855
0.2,b_uniform,5,2000,0.825

